Name,Price
"Telefon APPLE iPhone 12 5G, 64GB, Blue",2.339
"Telefon APPLE iPhone 14 Plus 5G, 256GB, Starlight",4.899
"Telefon APPLE iPhone 14 5G, 256GB, (PRODUCT) Red",4.093
"Telefon APPLE iPhone 14 Plus 5G, 512GB, Blue",7.499
"Telefon APPLE iPhone 14 Plus 5G, 256GB, Blue",5.799
"Telefon APPLE iPhone 14 Pro 5G, 128GB, Space Black",5.349
"Telefon APPLE iPhone 14 Plus 5G, 128GB, (PRODUCT) Red",4.349
"Husa telefon APPLE iPhone 15 Pro Max Silicone Case cu MagSafe - Clay, MT1Q3ZM/A",289
"Husa telefon APPLE iPhone 15 Pro Max FineWoven Case cu MagSafe - Evergreen, MT503ZM/A",339
Husa telefon NJORD Suede Comfort+ Case - Apple iPhone 14 Pro - Black,199
"Husa telefon APPLE Silicone Case cu MagSafe pentru iPhone 13 mini, MM223ZM/A, Midnight",149
Husa telefon NJORD Suede Comfort+ Case - Apple iPhone 14 Pro Max - Black,199
Husa telefon NJORD Fabric Tonal Case - Apple iPhone 14 Pro - Dark Grey,179
Husa telefon NJORD Fabric Tonal Case - Apple iPhone 14 Pro Max - Dark Grey,179
Husa telefon NJORD Genuine Leather Case - Apple iPhone 14 Pro Max - Dark Brown,199
Husa telefon NJORD Salmon Leather MagSafe Case - Apple iPhone 14 Pro - Vindur | Black,249
Husa telefon NJORD Salmon Leather MagSafe Case - Apple iPhone 14 Pro Max - Vindur | Black,249
